<?xml version=1.0" encoding="utf-8" ?>
<CarsTable>
	<Car>
		<carId>1</carId>
		<CBrand>Bmw m5</CBrand>
		<CColour>Black</CColour>
		<CFuelType>Desiel</CFuelType>
		<CEngineSize>2.0</CEngineSize>
		<CNoDoors>4</CNoDoors>
		<CPhoto>bmw.jpg</CPhoto>
	</Car>
	<Car>
		<carId>2</carId>
		<CBrand>Honda Accord</CBrand>
		<CColour>White</CColour>
		<CFuelType>Petrol</CFuelType>
		<CEngineSize>1.4</CEngineSize>
		<CNoDoors>4</CNoDoors>
		<CPhoto>Honda.jpg</CPhoto>
	</Car>
	<Car>
		<carId>3</carId>
		<CBrand>VW Beetle</CBrand>
		<CColour>Yellow</CColour>
		<CFuelType>Petrol</CFuelType>
		<CEngineSize>1.2</CEngineSize>
		<CNoDoors>2</CNoDoors>
		<CPhoto>Vw.jpg</CPhoto>
	</Car>
	<Car>
		<carId>4</carId>
		<CBrand>Subaru Forester</CBrand>
		<CColour>Blue</CColour>
		<CFuelType>Petrol</CFuelType>
		<CEngineSize>2.2</CEngineSize>
		<CNoDoors>5</CNoDoors>
		<CPhoto>Subaru.jpg</CPhoto>
	</Car>
	